<parameters>
	<parameter name="Application Path" tags="iisapp">
		<parameterEntry type="ProviderPath" scope="iisapp" match="WebSite" />
	</parameter>
	<parameter name="Solr Master Index Name" tags="Hidden,NoStore" defaultValue="$(id)">
        <parameterEntry type="XmlFile" scope= "App_Config\\Modules\\SXA\\z.Foundation.Overrides\\Sitecore.XA.Foundation.Search.Solr.config$" match="//index[@id='sitecore_sxa_master_index']/param[@desc='core']/text()" />
    </parameter>
    <parameter name="Solr Web Index Name" tags="Hidden,NoStore" defaultValue="$(id)">
        <parameterEntry type="XmlFile" scope= "App_Config\\Modules\\SXA\\z.Foundation.Overrides\\Sitecore.XA.Foundation.Search.Solr.config$" match="//index[@id='sitecore_sxa_web_index']/param[@desc='core']/text()" />
    </parameter>
</parameters>