﻿<?xml version="1.0" encoding="utf-8"?>

<control xmlns:def="Definition" xmlns="http://schemas.sitecore.net/Visual-Studio-Intellisense"
         xmlns:x="http://www.sitecore.net/xaml">
  <PowerShellUploadFile>
    <FormPage FormTarget="sitecoreattach" Enctype="multipart/form-data">

      <Script Key="Upload">

        function submit() {
        try {
        document.forms[0].submit();
        }
        catch(e) {
        scForm.invoke("ShowError");
        }
        }

        Event.observe(window, 'load', function(){
        if(window.scForm) {
        scForm.autoIncreaseModalDialogHeight()
        };
        })

      </Script>
      <Script src="/sitecore modules/PowerShell/Scripts/jquery.min.js"></Script>
      <Script>$ise = jQuery.noConflict();</Script>
      <Script src="/sitecore modules/PowerShell/Scripts/jquery-ui.min.js"></Script>
      <Script src="/sitecore modules/PowerShell/Scripts/jquery.qtip.min.js"></Script>
      <Script src="/sitecore modules/PowerShell/Scripts/VariablePrompt.js"></Script>
      <Stylesheet Src="Dialogs.css" DeviceDependant="true" runat="server" />
      <Stylesheet Src="/sitecore modules/PowerShell/Styles/jquery.qtip.min.css" DeviceDependant="true" runat="server" />
      <Stylesheet Src="/sitecore modules/PowerShell/Styles/VariablePrompt.css" DeviceDependant="true" runat="server" />

      <CodeBeside
        Type="Spe.Client.Applications.UploadFile.PowerShellUploadFileForm,Spe" />

      <Border class="scFlexColumnContainer scStretch">
        <Border class="scDialogHeader">
          <ThemedImage Src="powershell/32x32/powershell.png" class="psVarPromptHeaderIcon" Visible="false" />
          <Border>
            <Border Class="DialogHeader">
              <ThemedImage ID="DialogIcon" Src="powershell/32x32/powershell8.png" style="vertical-align: middle; margin-right: 2px;" Visible="false" />
              <Literal Text="Upload File" ID="DialogHeader" />
            </Border>
            <Border Class="DialogHeaderDescription">
              <Literal Text="Select a file. When done click the Upload button." ID="DialogDescription" />
            </Border>
          </Border>
        </Border>

        <Scrollbox Class="scFlexContent">
          <Scrollbox ID="ValuePanel" Class="scStretchAbsolute scDialogContentContainer">
            <input id="ItemUri" name="ItemUri" type="hidden" value="" />
            <input id="Versioned" name="Versioned" type="hidden" value="" />
            <input id="Overwrite" name="Overwrite" type="hidden" value="" />
            <input id="Unpack" name="Unpack" type="hidden" value="" />
            <input id="LanguageName" name="LanguageName" type="hidden" value="" />

            <Border Padding="0px 0px 4px 0px">
              <Literal Text="File name:" />
            </Border>

            <input id="File" name="File" type="file" style="width:100%" />
            <Literal Text="" ID="UploadWarning" />
          </Scrollbox>
        </Scrollbox>
        <div Class="scFormDialogFooter">
          <Image ID="Copyright" src="/~/icon/office/24x24/question.png" Alt="Show copyright..."
                 Title="Show copyright..." />
          <div class="footerOkCancel">
            <Button ID="OKButton" Class="scButton scButtonPrimary" KeyCode="13" Click="OkClick" Header="Upload" />
            <Button ID="CancelButton" Class="scButton" KeyCode="27" Click="CancelClick" Header="Cancel" />&#160;&#160;&#160;
          </div>
        </div>
        <Literal ID="TabOffsetValue" />
        <Border ID="DataContextPanel" Style="display:none;">
          <DataContext ID="DataContext" Root="/sitecore" DataViewName="Master" />
        </Border>
      </Border>
    </FormPage>
  </PowerShellUploadFile>
</control>