﻿<?xml version="1.0" encoding="utf-8"?>
<control xmlns:def="Definition" xmlns="http://schemas.sitecore.net/Visual-Studio-Intellisense"
         xmlns:shell="http://www.sitecore.net/shell" xmlns:x="http://www.sitecore.net/xaml">
  <Gallery.MruGallery>
    <Gallery>
      <CodeBeside Type="Spe.Client.Controls.MruGallery, Spe" />
      <Script src="/sitecore modules/PowerShell/Scripts/flexie.min.js"></Script>
      <Script src="/sitecore modules/PowerShell/Scripts/jquery.min.js"></Script>
      <Script>$ise = jQuery.noConflict();</Script>
      <Script>
        jQuery(document).ready(function($) {
          $("#SearchPhrase").keypress(function(event) {
            if (event.which === 13) {
                event.preventDefault();
                scForm.postEvent(this,event,'ChangeSearchPhrase');
            };
          });
    	});
	  </Script>
      <Stylesheet Src="/sitecore modules/PowerShell/Styles/Gallery.css" DeviceDependant="true" runat="server"
                  x:placeholder="Stylesheets" />
      <div class="scStretch">
        <div class="scGalleryContent13">
          <Tabstrip ID="Tabs" GridPanel.Style="height:initial">
            <Tab ID="SearchTab" Header="Recent">
              <Edit ID="SearchPhrase" autocomplete="off" placeholder="Script name to search for - prefix with e.g. 'master:' to narrow to specific database"/>
              <GalleryMenu ID="SearchResults" Class="scGalleryMenu scStretch scInitialHeight scDontStretch">
                <MenuPanel Height="100%">
                  <Scrollbox ID="Scripts" Class="scScrollbox scInitialHeight scDontStretch">
                  </Scrollbox>
                </MenuPanel>
              </GalleryMenu>
            </Tab>

            <Tab ID="ContentTab" Header="Content Tree">
              <DataContext ID="ContentDataContext" />
              <Combobox ID="Databases" Change="ChangeDatabase" />
              <TreeviewEx ID="ContentTreeview" Style="width: 0px" DataContext="ContentDataContext"
                          Click="ContentTreeview_Click" />
            </Tab>
          </Tabstrip>
        </div>
        <div class="scGalleryBottom13">
          <GalleryMenuLine />
          <Gallery.Grip />
        </div>
      </div>
    </Gallery>
  </Gallery.MruGallery>
</control>