﻿<?xml version="1.0" encoding="utf-8"?>

<control xmlns:def="Definition" xmlns="http://schemas.sitecore.net/Visual-Studio-Intellisense"
         xmlns:x="http://www.sitecore.net/xaml">
  <PowerShellScriptBrowser>
    <FormDialog ID="Dialog" Icon="Applications/32x32/folder_out.png" Header="Item browser"
                Text="Select the item that you want to open." OKButton="Open">

      <CodeBeside Type="Spe.Client.Applications.PowerShellScriptBrowser,Spe" />

      <DataContext ID="ScriptDataContext" Root="/sitecore/system/Modules/PowerShell/Script Library"/>
        <GridPanel Width="100%" Height="100%" Style="table-layout:fixed">
          <Combobox ID="Databases" Change="ChangeDatabase" />
          <Scrollbox Width="100%" Height="100%" Class="scScrollbox scFixSize scInsetBorder" Background="white" Padding="0" GridPanel.Height="100%">
        	  <TreeviewEx ID="Treeview" Click="SelectTreeNode" DblClick="TreeviewDblClick" DataContext="ScriptDataContext" ContextMenu='Treeview.GetContextMenu("contextmenu")' />
          </Scrollbox>

          <Border Padding="4px 0px 4px 0px" ID="NamePanel">
            <GridPanel Width="100%" Columns="2">

              <Border Padding="0px 4px 0px 0px" Class="scDialogNoWrap">
                <Literal Text="Name:"/>
              </Border>

              <Edit ID="Filename" Width="100%" GridPanel.Width="100%"/>
            </GridPanel>
          </Border>

        </GridPanel>
    </FormDialog>
  </PowerShellScriptBrowser>
</control>